<?xml version="1.0" encoding="UTF-8"?>
<con:soapui-project id="9bb0a3a6-c5a0-47a6-9293-c42b87bedf92" activeEnvironment="Default" name="Cwiczymy SoapUI" resourceRoot="${projectDir}" soapui-version="5.7.2" abortOnError="false" runType="SEQUENTIAL" xmlns:con="http://eviware.com/soapui/config"><con:settings/><con:interface xsi:type="con:WsdlInterface" id="6da5b2c7-c796-4d2b-a0ba-1d7c053f9e42" wsaVersion="NONE" name="CoursesPortSoap11" type="wsdl" bindingName="{http://kodilla.com/courses/soap}CoursesPortSoap11" soapVersion="1_1" anonymous="optional" definition="http://localhost:8080/ws/courses.wsdl" xmlns:xsi="http://www.w3.org/2001/XMLSchema-instance"><con:settings/><con:definitionCache type="TEXT" rootPart="http://localhost:8080/ws/courses.wsdl"><con:part><con:url>http://localhost:8080/ws/courses.wsdl</con:url><con:content><![CDATA[<wsdl:definitions targetNamespace="http://kodilla.com/courses/soap" xmlns:wsdl="http://schemas.xmlsoap.org/wsdl/" xmlns:sch="http://kodilla.com/courses/soap" xmlns:soap="http://schemas.xmlsoap.org/wsdl/soap/" xmlns:tns="http://kodilla.com/courses/soap">
  <wsdl:types>
    <xs:schema elementFormDefault="qualified" targetNamespace="http://kodilla.com/courses/soap" xmlns:xs="http://www.w3.org/2001/XMLSchema">
      <xs:element name="getCourseRequest">
        <xs:complexType>
          <xs:sequence>
            <xs:element name="name" type="xs:string"/>
          </xs:sequence>
        </xs:complexType>
      </xs:element>
      <xs:element name="getCourseResponse">
        <xs:complexType>
          <xs:sequence>
            <xs:element name="course" type="tns:course"/>
          </xs:sequence>
        </xs:complexType>
      </xs:element>
      <xs:complexType name="course">
        <xs:sequence>
          <xs:element name="name" type="xs:string"/>
          <xs:element name="length" type="xs:int"/>
          <xs:element name="technology" type="tns:technology"/>
        </xs:sequence>
      </xs:complexType>
      <xs:simpleType name="technology">
        <xs:restriction base="xs:string">
          <xs:enumeration value="JAVA"/>
          <xs:enumeration value="JAVASCRIPT"/>
          <xs:enumeration value="HTML"/>
        </xs:restriction>
      </xs:simpleType>
    </xs:schema>
  </wsdl:types>
  <wsdl:message name="getCourseResponse">
    <wsdl:part element="tns:getCourseResponse" name="getCourseResponse"></wsdl:part>
  </wsdl:message>
  <wsdl:message name="getCourseRequest">
    <wsdl:part element="tns:getCourseRequest" name="getCourseRequest"></wsdl:part>
  </wsdl:message>
  <wsdl:portType name="CoursesPort">
    <wsdl:operation name="getCourse">
      <wsdl:input message="tns:getCourseRequest" name="getCourseRequest"></wsdl:input>
      <wsdl:output message="tns:getCourseResponse" name="getCourseResponse"></wsdl:output>
    </wsdl:operation>
  </wsdl:portType>
  <wsdl:binding name="CoursesPortSoap11" type="tns:CoursesPort">
    <soap:binding style="document" transport="http://schemas.xmlsoap.org/soap/http"/>
    <wsdl:operation name="getCourse">
      <soap:operation soapAction=""/>
      <wsdl:input name="getCourseRequest">
        <soap:body use="literal"/>
      </wsdl:input>
      <wsdl:output name="getCourseResponse">
        <soap:body use="literal"/>
      </wsdl:output>
    </wsdl:operation>
  </wsdl:binding>
  <wsdl:service name="CoursesPortService">
    <wsdl:port binding="tns:CoursesPortSoap11" name="CoursesPortSoap11">
      <soap:address location="http://localhost:8080/ws"/>
    </wsdl:port>
  </wsdl:service>
</wsdl:definitions>]]></con:content><con:type>http://schemas.xmlsoap.org/wsdl/</con:type></con:part></con:definitionCache><con:endpoints><con:endpoint>http://localhost:8080/ws</con:endpoint></con:endpoints><con:operation id="4fb49f23-dcc8-45fa-8c99-09bf0fd346ac" isOneWay="false" action="" name="getCourse" bindingOperationName="getCourse" type="Request-Response" outputName="getCourseResponse" inputName="getCourseRequest" receivesAttachments="false" sendsAttachments="false" anonymous="optional"><con:settings/><con:call id="d80a1305-60a3-4e29-b76a-57a01a49903e" name="Request 1"><con:settings/><con:encoding>UTF-8</con:encoding><con:endpoint>http://localhost:8080/ws</con:endpoint><con:request><![CDATA[<soapenv:Envelope xmlns:soapenv="http://schemas.xmlsoap.org/soap/envelope/" xmlns:soap="http://kodilla.com/courses/soap">\r
   <soapenv:Header/>\r
   <soapenv:Body>\r
      <soap:getCourseRequest>\r
         <soap:name>?</soap:name>\r
      </soap:getCourseRequest>\r
   </soapenv:Body>\r
</soapenv:Envelope>]]></con:request><con:wsaConfig mustUnderstand="NONE" version="200508" action="http://kodilla.com/courses/soap/CoursesPort/getCourseRequest"/></con:call></con:operation></con:interface><con:testSuite id="8d8c5640-7940-4c4f-a30f-ad1cf0058add" name="getCourseByName TestSuite"><con:settings/><con:runType>SEQUENTIAL</con:runType><con:testCase id="acaf7e48-d8bc-48c3-a53a-9d2a3627dbcf" failOnError="true" failTestCaseOnErrors="true" keepSession="false" maxResults="0" name="getCourse TestCase Java Developer" searchProperties="true"><con:settings/><con:testStep type="request" id="b5919b70-5057-4792-84d9-959412735258" name="getCourseNameJ Java Developer"><con:settings/><con:config xsi:type="con:RequestStep" xmlns:xsi="http://www.w3.org/2001/XMLSchema-instance"><con:interface>CoursesPortSoap11</con:interface><con:operation>getCourse</con:operation><con:request name="getCourseNameJ Java Developer" id="051c8bb7-5e2a-4ac6-a055-fad8a508d420"><con:settings><con:setting id="com.eviware.soapui.impl.wsdl.WsdlRequest@request-headers">&lt;xml-fragment/></con:setting></con:settings><con:encoding>UTF-8</con:encoding><con:endpoint>http://localhost:8080/ws</con:endpoint><con:request><![CDATA[<soapenv:Envelope xmlns:soapenv="http://schemas.xmlsoap.org/soap/envelope/" xmlns:soap="http://kodilla.com/courses/soap">\r
   <soapenv:Header/>\r
   <soapenv:Body>\r
      <soap:getCourseRequest>\r
         <soap:name>Java Developer</soap:name>\r
      </soap:getCourseRequest>\r
   </soapenv:Body>\r
</soapenv:Envelope>]]></con:request><con:assertion type="Simple Contains" id="7c38ec68-aa4f-447e-a1de-e5b1aa72d6a7" name="Contains"><con:configuration><token>name>Java Developer&lt;</token><ignoreCase>false</ignoreCase><useRegEx>false</useRegEx></con:configuration></con:assertion><con:credentials><con:authType>No Authorization</con:authType></con:credentials><con:jmsConfig JMSDeliveryMode="PERSISTENT"/><con:jmsPropertyConfig/><con:wsaConfig action="http://kodilla.com/courses/soap/CoursesPort/getCourseRequest" mustUnderstand="NONE" version="200508"/><con:wsrmConfig version="1.2"/></con:request></con:config></con:testStep><con:properties/></con:testCase><con:testCase id="c854641e-355f-41a1-a442-0eae1fc86ee3" failOnError="true" failTestCaseOnErrors="true" keepSession="false" maxResults="0" name="getCourse TestCase Java Developer Plus" searchProperties="true"><con:settings/><con:testStep type="request" id="c15a945e-ea25-4514-a733-6a8d45830cc1" name="getCourseNameJ Java Developer"><con:settings/><con:config xsi:type="con:RequestStep" xmlns:xsi="http://www.w3.org/2001/XMLSchema-instance"><con:interface>CoursesPortSoap11</con:interface><con:operation>getCourse</con:operation><con:request name="getCourseNameJ Java Developer" id="051c8bb7-5e2a-4ac6-a055-fad8a508d420"><con:settings><con:setting id="com.eviware.soapui.impl.wsdl.WsdlRequest@request-headers">&lt;xml-fragment/></con:setting></con:settings><con:encoding>UTF-8</con:encoding><con:endpoint>http://localhost:8080/ws</con:endpoint><con:request><![CDATA[<soapenv:Envelope xmlns:soapenv="http://schemas.xmlsoap.org/soap/envelope/" xmlns:soap="http://kodilla.com/courses/soap">\r
   <soapenv:Header/>\r
   <soapenv:Body>\r
      <soap:getCourseRequest>\r
         <soap:name>Web Developer Plus</soap:name>\r
      </soap:getCourseRequest>\r
   </soapenv:Body>\r
</soapenv:Envelope>]]></con:request><con:assertion type="Simple Contains" id="d8ca051c-1bc0-43ba-8698-ae2a2bb93d4c" name="Contains"><con:configuration><token>name>Web Developer Plus&lt;</token><ignoreCase>false</ignoreCase><useRegEx>false</useRegEx></con:configuration></con:assertion><con:credentials><con:authType>No Authorization</con:authType></con:credentials><con:jmsConfig JMSDeliveryMode="PERSISTENT"/><con:jmsPropertyConfig/><con:wsaConfig action="http://kodilla.com/courses/soap/CoursesPort/getCourseRequest" mustUnderstand="NONE" version="200508"/><con:wsrmConfig version="1.2"/></con:request></con:config></con:testStep><con:properties/></con:testCase><con:testCase id="f3900a3f-2f60-4e61-a853-1323b2197322" failOnError="true" failTestCaseOnErrors="true" keepSession="false" maxResults="0" name="getCourse TestCase WebDeveloperPlus" searchProperties="true"><con:settings/><con:testStep type="request" id="d013cc49-77c6-4ded-bb3e-2dabb72cc171" name="getCourseNameJ WebDeveloperPlus"><con:settings/><con:config xsi:type="con:RequestStep" xmlns:xsi="http://www.w3.org/2001/XMLSchema-instance"><con:interface>CoursesPortSoap11</con:interface><con:operation>getCourse</con:operation><con:request name="getCourseNameJ WebDeveloperPlus" id="051c8bb7-5e2a-4ac6-a055-fad8a508d420"><con:settings><con:setting id="com.eviware.soapui.impl.wsdl.WsdlRequest@request-headers">&lt;xml-fragment/></con:setting></con:settings><con:encoding>UTF-8</con:encoding><con:endpoint>http://localhost:8080/ws</con:endpoint><con:request><![CDATA[<soapenv:Envelope xmlns:soapenv="http://schemas.xmlsoap.org/soap/envelope/" xmlns:soap="http://kodilla.com/courses/soap">\r
   <soapenv:Header/>\r
   <soapenv:Body>\r
      <soap:getCourseRequest>\r
         <soap:name>Java Developer Plus</soap:name>\r
      </soap:getCourseRequest>\r
   </soapenv:Body>\r
</soapenv:Envelope>]]></con:request><con:assertion type="Simple Contains" id="be3c44de-89d1-4e27-8381-fcd867df1014" name="Contains"><con:configuration><token>name>Java Developer Plus&lt;</token><ignoreCase>false</ignoreCase><useRegEx>false</useRegEx></con:configuration></con:assertion><con:credentials><con:authType>No Authorization</con:authType></con:credentials><con:jmsConfig JMSDeliveryMode="PERSISTENT"/><con:jmsPropertyConfig/><con:wsaConfig action="http://kodilla.com/courses/soap/CoursesPort/getCourseRequest" mustUnderstand="NONE" version="200508"/><con:wsrmConfig version="1.2"/></con:request></con:config></con:testStep><con:properties/></con:testCase><con:properties/></con:testSuite><con:properties/><con:wssContainer/><con:oAuth2ProfileContainer/><con:oAuth1ProfileContainer/></con:soapui-project>